{
  "installed": {
    "auth_uri": "https://accounts.google.com/o/oauth2/auth",
    "client_secret": "Tnwk7IGPlvnnn7TQ-WbvpWv3",
    "token_uri": "https://accounts.google.com/o/oauth2/token",
    "client_email": "",
    "redirect_uris": [
      "urn:ietf:wg:oauth:2.0:oob",
      "oob"
    ],
    "client_x509_cert_url": "",
    "client_id": "972996368401-vlm70ls1ivnpvlfu80odn880bhne1pnc.apps.googleusercontent.com",
    "auth_provider_x509_cert_url": "https://www.googleapis.com/oauth2/v1/certs"
  }
}